{"OutputFileHashSum":"AEFA8F58B75B419304FD97E9122EA435FFE9B6B552E58947E13F7C00AE228266","Converted":true,"OutputModifyDate":"2023-01-29T12:48:31.7008029Z","Metadatas":[{"CategoryName":"VuGen.Replay","Offset":1379,"Length":23,"TypeId":1},{"CategoryName":"VuGen.Replay","Offset":2904,"Length":279,"TypeId":3},{"CategoryName":"VuGen.Replay","Offset":3183,"Length":43,"TypeId":4},{"CategoryName":"VuGen.Replay","Offset":4094,"Length":21,"TypeId":1}],"MetadataTypes":[{"CategoryName":"VuGen.Replay","MetadataTypeName":"HP.LR.Vugen.Iteration","Id":1},{"CategoryName":"VuGen.Replay","MetadataTypeName":"Utt.Debugger.Error","Id":2},{"CategoryName":"VuGen.Replay","MetadataTypeName":"Utt.Debugger.Warning","Id":3},{"CategoryName":"VuGen.Replay","MetadataTypeName":"HP.LR.Vugen.NotifySavingParameter","Id":4}]}